trait_name,tissue,category,other_tags,nrow,description,TRY name,TRY number,TRY notes,Top_Formal_name,Top_identifier,Top_link,NOTES
accessory_cost_fraction,reproductive,allocation,NA,NA,NA,Plant biomass and allometry: Reproductive dry mass per plant dry mass (reproductive weight fraction),1046,"similar, not identical",NA,NA,NA,
accessory_cost_mass,reproductive,allocation,NA,NA,NA,NA,NA,NA,NA,NA,NA,
bark_Al_per_dry_mass,bark,nutrient,NA,NA,NA,NA,NA,NA,NA,NA,NA,
bark_ash_content_per_dry_mass,bark,nutrient,NA,NA,NA,NA,NA,NA,NA,NA,NA,
bark_B_per_dry_mass,bark,nutrient,NA,NA,NA,NA,NA,NA,NA,NA,NA,
bark_C_per_dry_mass,bark,nutrient,NA,NA,NA,Bark carbon (C) content per bark dry mass,617,NA,NA,NA,NA,
bark_Ca_per_dry_mass,bark,nutrient,NA,NA,NA,Bark calcium (Ca) content per bark dry mass,2957,NA,NA,NA,NA,
bark_cellulose_per_dry_mass,bark,nutrient,NA,NA,NA,NA,NA,NA,NA,NA,NA,
bark_Cu_per_dry_mass,bark,nutrient,NA,NA,NA,Bark copper (Cu) content per bark dry mass,2958,NA,NA,NA,NA,
bark_delta13C,bark,physiology,isotope,NA,NA,Bark carbon (C) isotope signature (delta 13C),829,NA,NA,NA,NA,
bark_delta15N,bark,physiology,isotope,NA,NA,Bark nitrogen (N) isotope signature (delta 15N),832,NA,NA,NA,NA,
bark_density,bark,allocation,NA,NA,NA,Bark density (bark dry mass per bark volume),248,NA,NA,NA,NA,
bark_Fe_per_dry_mass,bark,nutrient,NA,NA,NA,Bark iron (Fe) content per bark dry mass,2959,NA,NA,NA,NA,
bark_K_per_dry_mass,bark,nutrient,NA,NA,NA,Bark potassium (K) content per bark dry mass,2960,NA,NA,NA,NA,
bark_lignin_per_dry_mass,bark,nutrient,NA,NA,NA,NA,NA,NA,NA,NA,NA,
bark_mass_area,bark,morphology,NA,1,Bark mass per unit surface area of stem,NA,NA,NA,NA,NA,NA,
bark_Mg_per_dry_mass,bark,nutrient,NA,NA,NA,Bark magnesium (Mg) content per bark dry mass,2961,NA,NA,NA,NA,
bark_Mn_per_dry_mass,bark,nutrient,NA,NA,NA,Bark manganese (Mn) content per bark dry mass,2962,NA,NA,NA,NA,
bark_morphology,bark,morphology,NA,NA,NA,Description of bark morphology,NA,NA,NA,NA,NA,
bark_N_per_dry_mass,bark,nutrient,NA,NA,NA,Bark nitrogen (N) content per bark dry mass,618,NA,NA,NA,NA,
bark_Na_per_dry_mass,bark,nutrient,NA,NA,NA,NA,NA,NA,NA,NA,NA,
bark_P_per_dry_mass,bark,nutrient,NA,NA,NA,Bark phosphorus (P) content per bark dry mass,619,NA,NA,NA,NA,
bark_S_per_dry_mass,bark,nutrient,NA,NA,NA,Bark sulfur (S) content per bark dry mass,2963,NA,NA,NA,NA,
bark_tannin_per_dry_mass,bark,nutrient,NA,NA,NA,NA,NA,NA,NA,NA,NA,
bark_thickness,bark,morphology,NA,2,Thickness of the bark of the stem,Bark thickness,"24, 3355, 3356",NA,stem bark thickness,TOP283,http://top-thesaurus.org/annotationInfo?viz=1&trait=Bark%20thickness,
bark_water_content_per_dry_mass,bark,allocation,NA,NA,NA,NA,NA,NA,NA,NA,NA,
bark_water_content_per_saturated_mass,bark,allocation,NA,NA,NA,NA,NA,NA,NA,NA,NA,
bark_Zn_per_dry_mass,bark,nutrient,NA,NA,NA,Bark zinc (Zn) content per bark dry mass,2964,NA,NA,NA,NA,
basal_diameter,stem,allocation,NA,199,"Diameter at the base of the plant, standardly ""DBH"" except in short plants",Stem diameter,21,NA,NA,NA,NA,
branch_mass_fraction,stem,allocation,NA,3,Fraction of plant dry mass comprised of branch material,Plant biomass and allometry: branch dry mass per plant dry mass,137,NA,NA,NA,NA,
bulk_modulus_of_elasticity,stem,physiology,NA,NA,NA,Leaf elastic modulus,190,NA,NA,NA,NA,
ca,leaf,physiology,NA,NA,NA,NA,NA,NA,NA,NA,NA,
calcicole_status,whole plant,life history,NA,NA,NA,"Dichotonmous variable, defining plants as calcifuge (intolerant of basic soils) versus calcicole (tolerant of basic soils, such as calcareous sands and limestone derived soils)",NA,NA,NA,NA,NA,
carotenoid_per_area,leaf,nutrient,NA,NA,NA,Leaf carotenoid content per leaf area,491,NA,NA,NA,NA,
carotenoid_per_dry_mass,leaf,nutrient,NA,NA,NA,Leaf carotenoid content per leaf dry mass,809,NA,NA,NA,NA,
cc,leaf,physiology,NA,NA,NA,Leaf photosynthesis CO2 concentration at chloroplast,3007,NA,NA,NA,NA,
cell_cross-sectional_area,leaf,morphology,cellular_scale,NA,NA,Leaf epidermis cell area; Leaf mesophyll cell area,338; 573,NA,NA,NA,NA,
cell_epidermis_Ca_per_fresh_mass,leaf,nutrient,cellular_scale,5,Ca content of epidermal cells,NA,NA,NA,NA,NA,NA,
cell_epidermis_P_per_fresh_mass,leaf,nutrient,cellular_scale,11,P content of epidermal cells,NA,NA,NA,NA,NA,NA,
cell_hypodermis_Ca_per_fresh_mass,leaf,nutrient,cellular_scale,6,Ca content of hypodermis cells,NA,NA,NA,NA,NA,NA,
cell_hypodermis_P_per_fresh_mass,leaf,nutrient,cellular_scale,12,P content of hypodermis cells,NA,NA,NA,NA,NA,NA,
cell_internal_parenchyma_Ca_per_fresh_mass,leaf,nutrient,cellular_scale,7,Ca content of internal parenchyma cells,NA,NA,NA,NA,NA,NA,
cell_internal_parenchyma_P_per_fresh_mass,leaf,nutrient,cellular_scale,13,P content of internal parenchyma cells,NA,NA,NA,NA,NA,NA,
cell_palisade_mesophyll_Ca_per_fresh_mass,leaf,nutrient,cellular_scale,8,Ca content of palisade mesophyll cells,NA,NA,NA,NA,NA,NA,
cell_palisade_mesophyll_P_per_fresh_mass,leaf,nutrient,cellular_scale,14,P content of palisade mesophyll cells,NA,NA,NA,NA,NA,NA,
cell_rubisco_concentration,leaf,nutrient,cellular_scale,NA,NA,Leaf Rubisco content per leaf area,504,"similar, not identical",NA,NA,NA,
cell_rubisco_N_per_total_N,leaf,nutrient,cellular_scale,NA,NA,Leaf nitrogen (N) fraction in Rubisco,187,NA,NA,NA,NA,
cell_sclerenchyma_Ca_per_fresh_mass,leaf,nutrient,cellular_scale,9,Ca content of sclerenchyma cells,NA,NA,NA,NA,NA,NA,
cell_sclerenchyma_P_per_fresh_mass,leaf,nutrient,cellular_scale,15,P content of sclerenchyma cells,NA,NA,NA,NA,NA,NA,
cell_spongy_mesophyll_Ca_per_fresh_mass,leaf,nutrient,cellular_scale,10,Ca content of spongy mesophyll cells,NA,NA,NA,NA,NA,NA,
cell_spongy_mesophyll_P_per_fresh_mass,leaf,nutrient,cellular_scale,16,P content of spongy mesophyll cells,NA,NA,NA,NA,NA,NA,
cell_thylakoid_N_per_total_N,leaf,nutrient,cellular_scale,NA,NA,NA,NA,NA,NA,NA,NA,
chlorophyll_A_B_ratio,leaf,nutrient,NA,18,Ratio of chlorophyll A to chlorophyll B,Leaf chlorophyll a/b ratio,416,NA,NA,NA,NA,
chlorophyll_A_per_area,leaf,physiology,molecular,NA,NA,Leaf chlorophyll content per leaf area (Chl a),3476,NA,NA,NA,NA,
chlorophyll_A_per_dry_mass,leaf,physiology,molecular,NA,NA,Leaf chlorophyll content per leaf dry mass (Chl a),3474,NA,NA,NA,NA,
chlorophyll_B_per_area,leaf,physiology,molecular,NA,NA,Leaf chlorophyll content per leaf area (Chl b),3477,NA,NA,NA,NA,
chlorophyll_B_per_dry_mass,leaf,physiology,molecular,NA,NA,Leaf chlorophyll content per leaf dry mass (Chl b),3475,NA,NA,NA,NA,
chlorophyll_per_area,leaf,physiology,molecular,NA,NA,Leaf chlorophyll content per leaf area,413,NA,NA,NA,NA,
chlorophyll_per_dry_mass,leaf,physiology,molecular,NA,NA,Leaf chlorophyll content per leaf dry mass,164,NA,NA,NA,NA,
ci,leaf,physiology,NA,19,internal CO2 concentration under ambient conditions,Leaf photosynthetic A/Ci curve: intercellular CO2 concentration,3366,"similar, not identical",NA,NA,NA,
ci_at_Amax,leaf,physiology,NA,20,internal CO2 concentration during Amax measurement,Leaf photosynthetic A/Ci curve: intercellular CO2 concentration,3366,"similar, not identical",NA,NA,NA,
ci_at_Asat,leaf,physiology,NA,21,internal CO2 concentration during Asat measurement,Leaf photosynthetic A/Ci curve: intercellular CO2 concentration,3366,NA,NA,NA,NA,
ci_over_ca,leaf,physiology,NA,22,Ratio of internal to external CO2 concentrations,Leaf photosynthesis: intercellular CO2 concentration to ambient CO2 (ci/ca),3379,NA,NA,NA,NA,
competitive_stratum,whole plant,life history,NA,NA,NA,NA,NA,NA,NA,NA,NA,
cotyledon_function,leaf,life history,NA,NA,NA,NA,NA,NA,NA,NA,NA,
cotyledon_position,leaf,morphology,NA,NA,NA,NA,NA,NA,NA,NA,NA,
cotyledon_type,leaf,morphology,NA,NA,NA,NA,NA,NA,NA,NA,NA,
dead_wood_Ca_per_dry_mass,stem,nutrient,NA,NA,NA,"Litter (other than leaf: twigs, bark, flowers...) calcium (Ca) content per litter dry mass",2892,NA,NA,NA,NA,
dead_wood_K_per_dry_mass,stem,nutrient,NA,NA,NA,"Litter (other than leaf: twigs, bark, flowers...) potassium (K) content per litter dry mass",2891,NA,NA,NA,NA,
dead_wood_Mg_per_dry_mass,stem,nutrient,NA,NA,NA,"Litter (other than leaf: twigs, bark, flowers...) magnesium (Mg) content per litter dry mass",2893,NA,NA,NA,NA,
dead_wood_N_per_dry_mass,stem,nutrient,NA,NA,NA,Litter twig nitrogen (N) content per twig dry mass,1199,NA,NA,NA,NA,
dead_wood_Na_per_dry_mass,stem,nutrient,NA,NA,NA,"Litter (other than leaf: twigs, bark, flowers...) sodium (Na) content per litter dry mass",2898,NA,NA,NA,NA,
dead_wood_P_per_dry_mass,stem,nutrient,NA,NA,NA,Litter other than leaf phosphorus (P) content per litter dry mass,2890,NA,NA,NA,NA,
diaspore_mass,reproductive,morphology,NA,23,Mass of seed including dispersal appendages,Dispersal unit dry mass,233,NA,dispersule mass,TOP102,http://top-thesaurus.org/annotationInfo?viz=1&&trait=Dispersule_mass_trait,
dispersal_appendage,reproductive,morphology,NA,24,Type of dispersal appendage present,Dispersal unit type,231,NA,NA,NA,NA,
dispersal_syndrome,reproductive,life history,NA,25,"Type of dispersal syndrome displayed by species, although the list includes many dispersal appendages and fruit types. Many definitions come from Kew Botanic Gardens website.",Dispersal syndrome,28,NA,whole plant dispersal syndrome,TOP346,http://top-thesaurus.org/annotationInfo?viz=1&trait=Plant%20dispersal%20syndrome,
dispersers,reproductive,life history,NA,NA,NA,Dispersal syndrome,28,"similar, not identical",NA,NA,NA,
dormancy_type,whole plant,life history,fire_response,26,Classification for seed dormancy,NA,NA,NA,NA,NA,NA,
embryo_colour,reproductive,morphology,NA,NA,NA,NA,NA,NA,NA,NA,NA,
epidermal_cell_density_abaxial,leaf,morphology,cellular_scale,NA,NA,NA,NA,NA,NA,NA,NA,
epidermal_cell_density_adaxial,leaf,morphology,cellular_scale,NA,NA,NA,NA,NA,NA,NA,NA,
epidermal_cell_density_both_sides,leaf,morphology,cellular_scale,NA,NA,NA,NA,NA,NA,NA,NA,
epidermis_thickness,leaf,morphology,cellular_scale,NA,NA,Leaf epidermis thickness,101,NA,NA,NA,NA,
epidermis_thickness_lower_leaf_surface,leaf,morphology,cellular_scale,NA,NA,Leaf epidermis thickness,101,NA,NA,NA,NA,
epidermis_thickness_upper_leaf_surface,leaf,morphology,cellular_scale,NA,NA,Leaf epidermis thickness,101,NA,NA,NA,NA,
establishment_light_environment_index,whole plant,life history,NA,NA,NA,NA,NA,NA,NA,NA,NA,
fire_and_establishing,reproductive,life history,fire_response,NA,NA,XXXX,NA,NA,NA,NA,NA,
fire_cued_seeding,reproductive,life history,fire_response,31,Distinguishes between plants that do and do not have fire-cued seeding,NA,NA,NA,NA,NA,NA,
fire_flame_duration,whole plant,life history,fire_response,NA,NA,NA,NA,NA,NA,NA,NA,
fire_fuel_bed_bulk_density,whole plant,life history,fire_response,NA,NA,NA,NA,NA,NA,NA,NA,
fire_fuel_comsumption,whole plant,life history,fire_response,NA,NA,NA,NA,NA,NA,NA,NA,
fire_rate_of_spread,whole plant,life history,fire_response,NA,NA,NA,NA,NA,NA,NA,NA,
fire_response,whole plant,life history,fire_response,29,Distinguishes between plants that are killed by fire and resprout following fire,Species tolerance to fire; Plant resprouting capacity,318; 819,NA,NA,NA,NA,
fire_response_detailed,whole plant,life history,fire_response,30,Detailed information distinguishing between plants that are killed by fire and resprout following fire,Species tolerance to fire; Plant resprouting capacity,318; 819,NA,NA,NA,NA,
fire_response_juvenile,whole plant,life history,fire_response,NA,NA,Variable summarising how juvenile plants respond to fire,NA,NA,NA,NA,NA,
fire_response_on_maturity,whole plant,life history,fire_response,NA,NA,Variable summarising how plants' maturity status changes following fire,NA,NA,NA,NA,NA,
fire_smoulder_duration,whole plant,life history,fire_response,NA,NA,NA,NA,NA,NA,NA,NA,
fire_time_to_ignition,whole plant,life history,fire_response,NA,NA,NA,NA,NA,NA,NA,NA,
fire_total_burn_duration,whole plant,life history,fire_response,NA,NA,NA,NA,NA,NA,NA,NA,
flood_regime_classification,whole plant,life history,NA,NA,NA,NA,NA,NA,NA,NA,NA,
flower_androecium_structural_merism,reproductive,morphology,NA,NA,NA,NA,NA,NA,NA,NA,NA,
flower_androecium_structural_phyllotaxis,reproductive,morphology,NA,NA,NA,NA,NA,NA,NA,NA,NA,
flower_androecium_structural_whorls_count,reproductive,morphology,NA,NA,NA,NA,NA,NA,NA,NA,NA,
flower_anther_attachment,reproductive,morphology,NA,NA,NA,NA,NA,NA,NA,NA,NA,
flower_anther_connective_extension,reproductive,morphology,NA,NA,NA,NA,NA,NA,NA,NA,NA,
flower_anther_dehiscence,reproductive,morphology,NA,NA,NA,NA,NA,NA,NA,NA,NA,
flower_anther_orientation,reproductive,morphology,NA,NA,NA,NA,NA,NA,NA,NA,NA,
flower_colour,reproductive,morphology,NA,32,"Flower colour, with six possible outcomes",Flower color,207,NA,flower color,TOP242,http://top-thesaurus.org/annotationInfo?viz=1&trait=Flower%20color,
flower_count_maximum,reproductive,allocation,NA,33,Maximum flower number produced,Flower number per plant,2999,NA,NA,NA,NA,
flower_fertile_stamens_count,reproductive,morphology,NA,NA,NA,NA,NA,NA,NA,NA,NA,
flower_filament,reproductive,morphology,NA,NA,NA,NA,NA,NA,NA,NA,NA,
flower_filament_fusion,reproductive,morphology,NA,NA,NA,NA,NA,NA,NA,NA,NA,
flower_filament_fusion_to_inner_perianth,reproductive,morphology,NA,NA,NA,NA,NA,NA,NA,NA,NA,
flower_gynoecium_phyllotaxis,reproductive,morphology,NA,NA,NA,NA,NA,NA,NA,NA,NA,
flower_gynoecium_placentation,reproductive,morphology,NA,NA,NA,NA,NA,NA,NA,NA,NA,
flower_N_per_dry_mass,reproductive,nutrient,NA,NA,NA,NA,NA,NA,NA,NA,NA,
flower_ovary_fusion,reproductive,morphology,NA,NA,NA,NA,NA,NA,NA,NA,NA,
flower_ovary_position,reproductive,morphology,NA,NA,NA,NA,NA,NA,NA,NA,NA,
flower_ovules_per_functional_carpel_count,reproductive,morphology,NA,NA,NA,NA,NA,NA,NA,NA,NA,
flower_perianth_differentiation,reproductive,morphology,NA,NA,NA,NA,NA,NA,NA,NA,NA,
flower_perianth_fusion,reproductive,morphology,NA,NA,NA,NA,NA,NA,NA,NA,NA,
flower_perianth_merism,reproductive,morphology,NA,NA,NA,NA,NA,NA,NA,NA,NA,
flower_perianth_parts_count,reproductive,morphology,NA,NA,NA,NA,NA,NA,NA,NA,NA,
flower_perianth_phyllotaxis,reproductive,morphology,NA,NA,NA,NA,NA,NA,NA,NA,NA,
flower_perianth_symmetry,reproductive,morphology,NA,NA,NA,NA,NA,NA,NA,NA,NA,
flower_perianth_whorls_count,reproductive,morphology,NA,NA,NA,NA,NA,NA,NA,NA,NA,
flower_pollen_aperture_shape,reproductive,morphology,NA,NA,NA,NA,NA,NA,NA,NA,NA,
flower_pollen_apertures_count,reproductive,morphology,NA,NA,NA,NA,NA,NA,NA,NA,NA,
flower_structural_carpels_count,reproductive,morphology,NA,NA,NA,NA,NA,NA,NA,NA,NA,
flower_structural_sex_type,reproductive,life history,NA,NA,NA,NA,NA,NA,NA,NA,NA,
flower_style_differentiation,reproductive,morphology,NA,NA,NA,NA,NA,NA,NA,NA,NA,
flower_style_fusion,reproductive,morphology,NA,NA,NA,NA,NA,NA,NA,NA,NA,
flowering_time,reproductive,life history,NA,34,Months during which species is flowering; keyed as a sequences of 12 0s (not flowering) and 1s (flowering) starting with January,NA,NA,NA,NA,NA,NA,
fluorescence_Jmax_over_Vcmax,leaf,physiology,NA,NA,NA,NA,NA,NA,NA,NA,NA,
fluorescence_Jmax_per_mass,leaf,physiology,NA,NA,NA,NA,NA,NA,NA,NA,NA,
fluorescence_Vcmax_per_mass,leaf,physiology,NA,NA,NA,Leaf photosynthesis carboxylation capacity (Vcmax) per leaf dry mass (Farquhar model),185,NA,NA,NA,NA,
fruit_breadth,reproductive,morphology,NA,38,The shorter width dimension of a fruit; orthogonal to the length,NA,NA,NA,NA,NA,NA,
fruit_Ca_per_dry_mass,reproductive,nutrient,NA,NA,NA,NA,NA,NA,NA,NA,NA,
fruit_K_per_dry_mass,reproductive,nutrient,NA,NA,NA,NA,NA,NA,NA,NA,NA,
fruit_length,reproductive,morphology,NA,37,Longest fruit dimension or if clearly recognizable the length from its base to its apex,Fruit length,918,NA,fruit length,TOP92,http://top-thesaurus.org/annotationInfo?viz=1&&trait=Fruit_length,
fruit_mass,reproductive,morphology,NA,35,"The weight of a fruit, including the seed",Fruit mass,919,NA,fruit mass,TOP104,http://top-thesaurus.org/annotationInfo?viz=1&&trait=Fruit_mass,
fruit_Mg_per_dry_mass,reproductive,nutrient,NA,NA,NA,NA,NA,NA,NA,NA,NA,
fruit_N_per_dry_mass,reproductive,nutrient,NA,NA,NA,NA,NA,NA,NA,NA,NA,
fruit_P_per_dry_mass,reproductive,nutrient,NA,NA,NA,NA,NA,NA,NA,NA,NA,
fruit_S_per_dry_mass,reproductive,nutrient,NA,NA,NA,NA,NA,NA,NA,NA,NA,
fruit_type,reproductive,morphology,NA,39,Fruit types,Fruit type,99,NA,NA,NA,NA,
fruit_type_botanical,reproductive,morphology,NA,NA,NA,Fruit type,99,"similar, not identical",NA,NA,NA,
fruit_type_functional,reproductive,morphology,NA,NA,NA,Fruit type,99,"similar, not identical",NA,NA,NA,
fruit_wall_width,reproductive,morphology,NA,NA,NA,NA,NA,NA,NA,NA,NA,
fruit_width,reproductive,morphology,NA,36,The longest width dimension of a fruit; orthogonal to the length,Fruit diameter,917,NA,fruit width,TOP96,http://top-thesaurus.org/annotationInfo?viz=1&&trait=Fruit_width,
fruiting_time,reproductive,life history,NA,42,Months during which species is fruiting; keyed as a sequences of 12 0s (not flowering) and 1s (flowering) starting with January,NA,NA,NA,NA,NA,NA,
fv_over_fm,leaf,physiology,NA,43,Chlorophyll fluorescence measurement that indicates whether plant stress affects photosystem II in a dark adapted state,Leaf photosynthesis: quantum efficiency of photosystem II (maximum potential; FvFm),3393,NA,NA,NA,NA,
genome_size,whole plant,life history,molecular,46,Mass of the plant's genome,Species genotype: genome size,1022,NA,NA,NA,NA,
germination,reproductive,life history,NA,44,Proportion of seeds that germinate,Seed germination rate (germination efficiency),95,NA,NA,NA,NA,
germination_treatment,reproductive,morphology,NA,45,Seed treatment required for germination,Seed germination stimulation,34,NA,NA,NA,NA,
glaucous,leaf,morphology,NA,47,Variable indicating if a plant's leaves are glaucous or not,NA,NA,NA,NA,NA,NA,
growth_habit,whole plant,life history,NA,48,Variable that defines a combination of growth habit and plant vegetative reproductive potential,Plant growth form,NA,NA,NA,NA,NA,
guard_cell_length,leaf,morphology,cellular_scale,NA,NA,Stomata guard cell size,733,NA,NA,NA,NA,
huber_value,stem,allocation,NA,49,Sapwood area to leaf area ratio,Stem sapwood cross-sectional area per supported leaf surface area (Huber value),171,NA,NA,NA,NA,
hydraulic_safety_margin_50,stem,physiology,NA,NA,NA,"Xylem hydraulic vulnerability, xylem cavitation vulnerability, embolism vulnerability, (P20, P50, P8",719,NA,NA,NA,NA,
hypocotyl_type,leaf,morphology,NA,NA,NA,NA,NA,NA,NA,NA,NA,
insoluable_protein_per_area,leaf,nutrient,NA,187,Mass of insoluble protein per leaf area,NA,NA,NA,NA,NA,NA,
inundation_tolerance,whole plant,life history,NA,NA,NA,Ability of taxon to tolerate being under water,NA,NA,NA,NA,NA,
Jmax_per_area,leaf,physiology,NA,NA,NA,Leaf photosynthesis electron transport capacity (Jmax) per leaf area (Farquhar model),269,NA,NA,NA,NA,
leaf_absorption,leaf,physiology,NA,NA,NA,Leaf light absorption (extinction),10,NA,NA,NA,NA,
leaf_Al_per_dry_mass,leaf,nutrient,NA,50,Leaf aluminum (Al) content per unit leaf dry mass,Leaf aluminium (Al) content per leaf dry mass,249,NA,NA,NA,NA,
leaf_angle,leaf,morphology,NA,51,"Leaf angle, relative to horizontal","Leaf angle (inclination, orientation)",3,NA,NA,NA,NA,
leaf_area,leaf,morphology,NA,52,Area of the leaf surface,"Leaf area (in case of compound leaves: leaf, undefined if petiole in- or excluded)",3112,NA,leaf area,TOP25,http://top-thesaurus.org/annotationInfo?viz=1&trait=Leaf%20area,
leaflet_area,leaf,morphology,,,Area of the leaflet surface,,,,,,,
leaflet_dry_mass,leaf,morphology,,,,,,,,,,
leaf_area_ratio,leaf,allocation,NA,54,Ratio of leaf area to total plant dry mass,Leaf area per plant dry mass (leaf area ratio; LAR),109,NA,whole plant leaf area per whole plant dry mass,TOP88,http://top-thesaurus.org/annotationInfo?viz=1&trait=Leaf%20area%20ratio,
leaf_arrangement,leaf,morphology,NA,55,Describes leaf arrangement on the stem,Leaf distribution along the shoot axis (arrangement type),16,NA,NA,NA,NA,
leaf_ash_content_per_dry_mass,leaf,nutrient,NA,NA,NA,Leaf ash content per leaf dry mass,333,NA,NA,NA,NA,
leaf_B_per_dry_mass,leaf,nutrient,NA,56,Leaf boron (B) content per unit leaf dry mass,Leaf boron (B) content per leaf dry mass,250,NA,leaf boron content per leaf dry mass,TOP450,http://top-thesaurus.org/annotationInfo?viz=1&&trait=Leaf_boron_content_per_leaf_dry_mass,
leaf_C_per_dry_mass,leaf,nutrient,NA,57,Leaf carbon (C) content per unit leaf dry mass,Leaf carbon (C) content per leaf dry mass,13,NA,leaf carbon content per leaf dry mass,TOP452,http://top-thesaurus.org/annotationInfo?viz=1&&trait=Leaf_carbon_content_per_leaf_dry_mass,
leaf_Ca_per_dry_mass,leaf,nutrient,NA,58,Leaf calcium (Ca) content per unit leaf dry mass,Leaf calcium (Ca) content per leaf dry mass,252,NA,leaf calcium content per leaf dry mass,TOP451,http://top-thesaurus.org/annotationInfo?viz=1&&trait=Leaf_calcium_content_per_leaf_dry_mass,
leaf_cell_wall_fraction,leaf,morphology,cellular_scale,59,Fraction of total leaf biomass that is cell wall material,Leaf cell wall mass per leaf dry mass,3375,NA,NA,NA,NA,
leaf_cell_wall_N,leaf,nutrient,cellular_scale,60,Proportion of leaf cell wall material that is nitrogen,Leaf cell wall nitrogen (N) content per leaf area,96,NA,NA,NA,NA,
leaf_cell_wall_N_fraction,leaf,nutrient,cellular_scale,61,Proportion of all N in leaves that is found in the leaf cell walls,Leaf cell wall nitrogen (N) content per cell wall dry mass,3376,NA,NA,NA,NA,
leaf_cellulose_per_dry_mass,leaf,nutrient,NA,NA,NA,Leaf cellulose content per leaf dry mass,92,NA,NA,NA,NA,
leaf_Cl_per_dry_mass,leaf,nutrient,NA,NA,NA,Leaf chlorine (Cl) content per leaf dry mass,539,NA,NA,NA,NA,
leaf_CN_ratio,leaf,nutrient,NA,63,Leaf carbon/nitrogen (C/N) ratio,Leaf carbon/nitrogen (C/N) ratio,146,NA,NA,NA,NA,
leaf_Co_per_dry_mass,leaf,nutrient,NA,NA,NA,Leaf cobalt (Co) content per leaf dry mass,253,NA,NA,NA,NA,
leaf_compoundness,leaf,morphology,NA,64,Indicates whether or not a leaf is compound; different 'simple' terminology used by different studies,Leaf compoundness,17,NA,leaf compoundness,TOP222,http://top-thesaurus.org/annotationInfo?viz=1&&trait=Leaf_compoundness,
leaf_Cr_per_dry_mass,leaf,nutrient,NA,NA,NA,Leaf chromium (Cr) content per leaf dry mass,254,NA,NA,NA,NA,
leaf_Cu_per_dry_mass,leaf,nutrient,NA,65,Leaf copper (Cu) content per unit leaf dry mass,Leaf copper (Cu) content per leaf dry mass,255,NA,leaf copper content per leaf dry mass,TOP455,http://top-thesaurus.org/annotationInfo?viz=1&&trait=Leaf_copper_content_per_leaf_dry_mass,
leaf_curliness,leaf,morphology,NA,NA,NA,NA,NA,NA,NA,NA,NA,
leaf_dark_respiration_per_area,leaf,physiology,NA,66,Leaf respiration rate per unit leaf area,Leaf respiration rate in the dark per leaf area,54,NA,leaf dark respiration rate per leaf area,TOP361,http://top-thesaurus.org/annotationInfo?viz=1&&trait=Leaf_dark_respiration_rate_per_leaf_area,
leaf_dark_respiration_per_dry_mass,leaf,physiology,NA,67,Leaf respiration rate per unit leaf dry mass,Leaf respiration rate in the dark per leaf dry mass,41,NA,Leaf dark respiration rate per leaf dry mass,TOP362,http://top-thesaurus.org/annotationInfo?viz=1&&trait=Leaf_dark_respiration_rate_per_leaf_dry_mass,
leaf_dark_transpiration_per_area,leaf,physiology,NA,NA,NA,Leaf transpiration rate at nighttime,1267,NA,NA,NA,NA,
leaf_delta13C,leaf,physiology,isotope,69,Leaf carbon stable isotope signature,Leaf carbon (C) isotope signature (delta 13C),89,NA,NA,NA,NA,
leaf_delta15N,leaf,physiology,isotope,70,Leaf nitrogen stable isotope signature,Leaf nitrogen (N) isotope signature (delta 15N),78,NA,NA,NA,NA,
leaf_delta18O,leaf,physiology,isotope,NA,NA,Leaf oxygen (O) isotope signature (delta 18O),3358,NA,NA,NA,NA,
leaf_density,leaf,allocation,NA,71,Leaf tissue density,"Leaf density (leaf tissue density, leaf dry mass per leaf volume)",48,NA,leaf dry mass per leaf volume,TOP56,http://top-thesaurus.org/annotationInfo?viz=1&&trait=Leaf_density,
leaf_division,leaf,morphology,NA,NA,NA,NA,NA,NA,NA,NA,NA,
leaf_dry_mass,leaf,morphology,NA,72,Leaf dry mass,Leaf dry mass (single leaf),55,NA,leaf dry mass,TOP40,http://top-thesaurus.org/annotationInfo?viz=1&&trait=Leaf_dry_mass,
leaf_dry_matter_content,leaf,allocation,NA,73,"Leaf dry mass per unit leaf fresh mass. (See also leaf_water_content_per_mass, the ratio of water content to leaf dry mass, recorded by some studies.)","Leaf dry mass per leaf fresh mass (leaf dry matter content, LDMC)",47,NA,leaf dry mass per leaf fresh mass,TOP45,http://top-thesaurus.org/annotationInfo?viz=1&&trait=Leaf_dry_matter_content,
leaf_Fe_per_dry_mass,leaf,nutrient,NA,75,Leaf iron (Fe) content per unit leaf dry mass,Leaf iron (Fe) content per leaf dry mass,256,NA,leaf iron content per leaf dry mass,TOP456,http://top-thesaurus.org/annotationInfo?viz=1&&trait=Leaf_iron_content_per_leaf_dry_mass,
leaf_fresh_mass,leaf,allocation,NA,77,Leaf fresh mass,Leaf fresh mass,163,NA,leaf fresh mass,TOP35,http://top-thesaurus.org/annotationInfo?viz=1&&trait=Leaf_fresh_mass,
leaf_fresh_mass_per_area,leaf,allocation,NA,78,Leaf fresh mass per leaf area,Leaf area per leaf fresh mass (specific leaf area (SLA or 1/LMA) based on leaf fresh mass),125,inverse,NA,NA,NA,
leaf_hairs_adult,leaf,morphology,NA,79,Binary variable describing whether or not adult leaves have hairs,"Leaf emergences (pubescence, pruinescence, hairs, spines, thorns)",677,NA,NA,NA,NA,
leaf_hairs_juvenile,leaf,morphology,NA,80,Binary variable describing whether or not juvenile leaves have hairs,"Leaf emergences (pubescence, pruinescence, hairs, spines, thorns)",677,"similar, not identical",NA,NA,NA,
leaf_hydraulic_conductivity,leaf,physiology,NA,NA,NA,Leaf hydraulic conductance,748,NA,NA,NA,NA,
leaf_hydraulic_vulnerability,leaf,physiology,NA,82,The leaf water potential value at which leaf hydraulic conductance have declined by 50% from the mean maximum rate,"Xylem hydraulic vulnerability, xylem cavitation vulnerability, embolism vulnerability, (P20, P50, P8",719,NA,NA,NA,NA,
leaf_K_per_area,leaf,nutrient,NA,83,Leaf potassium (K) content per unit leaf area,Leaf potassium (K) content per leaf area,52,NA,leaf potassium content per leaf area,TOP483,http://top-thesaurus.org/annotationInfo?viz=1&&trait=Leaf_potassium_content_per_leaf_area,
leaf_K_per_dry_mass,leaf,nutrient,NA,84,Leaf potassium (K) content per unit leaf dry mass,Leaf potassium (K) content per leaf dry mass,44,NA,leaf potassium content per leaf dry mass,TOP464,http://top-thesaurus.org/annotationInfo?viz=1&&trait=Leaf_potassium_content_per_leaf_dry_mass,
leaf_length,leaf,morphology,NA,85,"Length of the leaf, including petiole and rachis in compound leaves",Leaf length,144,NA,leaf length,TOP13,http://top-thesaurus.org/annotationInfo?viz=1&&trait=Leaf_length,
leaf_lifespan,leaf,life history,NA,86,Leaf lifespan (longevity),Leaf lifespan (longevity),12,NA,leaf life span,TOP254,http://top-thesaurus.org/annotationInfo?viz=1&&trait=Leaf_life_span,
leaf_light_respiration_per_area,leaf,physiology,NA,68,Leaf respiration rate per unit leaf area under light,Leaf respiration rate in light per leaf area,512,NA,NA,NA,NA,
leaf_lignin_per_dry_mass,leaf,nutrient,NA,87,Leaf lignin per unit leaf dry mass,Leaf lignin content per leaf dry mass,87,NA,leaf lignin content per leaf dry mass,TOP844,http://top-thesaurus.org/annotationInfo?viz=1&&trait=Leaf_lignin_content_per_leaf_dry_mass,
leaf_margin,leaf,morphology,NA,88,Description of leaf margin are lobed versus entire. Trait values could be expanded to include toothed as a separate category,Leaf margin type,963,NA,NA,NA,NA,
leaf_mass_fraction,whole plant,allocation,NA,89,Ratio of leaf dry mass to total plant dry mass,"Plant biomass and allometry: Leaf dry mass per plant dry mass (leaf weight ratio, LWR)",110,NA,whole plant leaf dry mass per whole plant dry mass,TOP85,http://top-thesaurus.org/annotationInfo?viz=1&trait=Leaf%20mass%20ratio,
leaf_mass_to_stem_mass,whole plant,allocation,NA,NA,NA,NA,NA,NA,NA,NA,NA,
leaf_mesophyll_conductance_per_area,leaf,physiology,NA,NA,NA,Leaf mesophyll conductance,964,NA,NA,NA,NA,
leaf_mesophyll_conductance_per_mass,leaf,physiology,NA,NA,NA,Leaf mesophyll conductance,964,NA,NA,NA,NA,
leaf_Mg_per_dry_mass,leaf,nutrient,NA,90,Leaf magnesium (Mg) content per unit leaf dry mass,Leaf magnesium (Mg) content per leaf dry mass,257,NA,leaf magnesium content per leaf dry mass,TOP457,http://top-thesaurus.org/annotationInfo?viz=1&&trait=Leaf_magnesium_content_per_leaf_dry_mass,
leaf_Mn_per_dry_mass,leaf,nutrient,NA,91,Leaf manganese (Mn) content per unit leaf dry mass,Leaf manganese (Mn) content per leaf dry mass,258,NA,leaf manganese content per leaf dry mass,TOP458,http://top-thesaurus.org/annotationInfo?viz=1&&trait=Leaf_manganese_content_per_leaf_dry_mass,
leaf_Mo_per_dry_mass,leaf,nutrient,NA,92,Leaf molybdenum (Mo) content per unit leaf dry mass,Leaf molybdenum (Mo) content per leaf dry mass,259,NA,leaf molybdenum content per leaf dry mass,TOP459,http://top-thesaurus.org/annotationInfo?viz=1&&trait=Leaf_molybdenum_content_per_leaf_dry_mass,
leaf_N_per_area,leaf,nutrient,NA,93,Leaf nitrogen (N) content per unit leaf area,Leaf nitrogen (N) content per leaf area,50,NA,leaf nitrogen content per leaf area,TOP481,http://top-thesaurus.org/annotationInfo?viz=1&&trait=Leaf_nitrogen_content_per_leaf_area,
leaf_N_per_dry_mass,leaf,nutrient,NA,94,Leaf nitrogen (N) content per unit leaf dry mass,Leaf nitrogen (N) content per leaf dry mass,14,NA,leaf nitrogen content per leaf dry mass,TOP462,http://top-thesaurus.org/annotationInfo?viz=1&&trait=Leaf_nitrogen_content_per_leaf_dry_mass,
leaf_Na_per_dry_mass,leaf,nutrient,NA,95,Leaf sodium (Na) content per unit leaf dry mass,Leaf sodium (Na) content per leaf dry mass,260,NA,leaf sodium content per leaf dry mass,TOP460,http://top-thesaurus.org/annotationInfo?viz=1&&trait=Leaf_sodium_content_per_leaf_dry_mass,
leaf_Ni_per_dry_mass,leaf,nutrient,NA,96,Leaf nickel (Ni) content per unit leaf dry mass,Leaf nickel (Ni) content per leaf dry mass,261,NA,leaf nickel content per leaf dry mass,TOP461,http://top-thesaurus.org/annotationInfo?viz=1&&trait=Leaf_nickel_content_per_leaf_dry_mass,
leaf_P_per_area,leaf,nutrient,NA,97,Leaf phosphorus (P) content per unit leaf area,Leaf phosphorus (P) content per leaf area,51,NA,leaf phosphorus content per leaf area,TOP482,http://top-thesaurus.org/annotationInfo?viz=1&&trait=Leaf_phosphorus_content_per_leaf_area,
leaf_P_per_dry_mass,leaf,nutrient,NA,98,Leaf phosphorus (P) content per unit leaf dry mass,Leaf phosphorus (P) content per leaf dry mass,15,NA,leaf phosphorus content per leaf dry mass,TOP463,http://top-thesaurus.org/annotationInfo?viz=1&&trait=Leaf_phosphorus_content_per_leaf_dry_mass,
leaf_phenol_content_per_dry_mass,leaf,nutrient,NA,NA,NA,Litter (leaf) phenols content per leaf litter dry mass,956,NA,NA,NA,NA,
leaf_phenology,leaf,life history,NA,99,Variable indicating whether a plant has deciduous versus evergreen leaves; different types of deciduousness included as trait values,Leaf phenology type,37,NA,NA,NA,NA,
leaf_photosynthetic_nitrogen_use_efficiency_maximum,leaf,physiology,NA,102,Ratio of photosynthesis (CO2 assimilation rate) to leaf nitrogen content at saturating light conditions but ambient CO2 conditions,"Leaf photosynthesis rate per leaf nitrogen (N) content (photosynthetic nitrogen use efficiency, PNUE",135,NA,NA,NA,NA,
leaf_photosynthetic_nitrogen_use_efficiency_saturated,leaf,physiology,NA,101,Ratio of photosynthesis (CO2 assimilation rate) to leaf nitrogen content at saturating light and CO2 conditions,"Leaf photosynthesis rate per leaf nitrogen (N) content (photosynthetic nitrogen use efficiency, PNUE",135,NA,NA,NA,NA,
leaf_photosynthetic_phosphorus_use_efficiency_maximum,leaf,physiology,NA,105,Ratio of photosynthesis (CO2 assimilation rate) to leaf phosphorus content at saturating light conditions but ambient CO2 conditions,NA,NA,NA,NA,NA,NA,
leaf_photosynthetic_phosphorus_use_efficiency_saturated,leaf,physiology,NA,104,Ratio of photosynthesis (CO2 assimilation rate) to leaf phosphorus content at saturating light and CO2 conditions,NA,NA,NA,NA,NA,NA,
leaf_PRI,leaf,physiology,NA,NA,"The photochemical reflectance index measures plant responses to stress, by indicating changes in carotenoid pigments in live foliage.",NA,NA,NA,NA,NA,NA,
leaf_reflectance,leaf,physiology,NA,NA,NA,NA,NA,NA,NA,NA,NA,
leaf_reflectance_near_infrared,leaf,physiology,NA,NA,NA,NA,NA,NA,NA,NA,NA,
leaf_relative_water_content_at_turgor_loss_point,leaf,physiology,NA,NA,NA,NA,NA,NA,NA,NA,NA,
leaf_relative_water_content_predawn,leaf,physiology,NA,NA,NA,NA,NA,NA,NA,NA,NA,
leaf_S_per_dry_mass,leaf,nutrient,NA,107,Leaf sulphur (S) content per unit leaf dry mass,Leaf sulfur (S) content per leaf dry mass,262,NA,leaf sulfur content per leaf dry mass,TOP466,http://top-thesaurus.org/annotationInfo?viz=1&&trait=Leaf_sulfur_content_per_leaf_dry_mass,
leaf_Se_per_dry_mass,leaf,nutrient,NA,NA,NA,Leaf selenium (Se) content per leaf dry mass,263,NA,NA,NA,NA,
leaf_shape,leaf,morphology,NA,109,Leaf shape,Leaf shape,154,NA,NA,NA,NA,
leaf_Si_per_dry_mass,leaf,nutrient,NA,NA,NA,Leaf silicon (Si) content per leaf dry mass,264,NA,NA,NA,NA,
leaf_soluable_starch_per_mass,leaf,nutrient,NA,NA,NA,Leaf starch content per leaf dry mass,505,NA,NA,NA,NA,
leaf_soluable_sugars_per_mass,leaf,nutrient,NA,NA,NA,Leaf sugar content per leaf dry mass,506,NA,NA,NA,NA,
leaf_specific_conductivity,leaf,physiology,NA,110,The ratio of hydraulic conductance of a segment to leaf area,Leaf area-specific conductivity (leaf specific conductivity),928,NA,NA,NA,NA,
leaf_tannin_per_dry_mass,leaf,nutrient,NA,NA,NA,Leaf tannin content per leaf dry mass,148,NA,NA,NA,NA,
leaf_thickness,leaf,morphology,NA,112,Thickness of the leaf lamina,Leaf thickness,46,NA,leaf thickness,TOP20,http://top-thesaurus.org/annotationInfo?viz=1&&trait=Leaf_thickness,
leaf_total_non-structural_carbohydrates_per_area,leaf,nutrient,NA,NA,NA,NA; same as starch?,NA,NA,NA,NA,NA,
leaf_total_non-structural_carbohydrates_per_mass,leaf,nutrient,NA,NA,NA,NA; same as starch?,NA,NA,NA,NA,NA,
leaf_transmission,leaf,physiology,NA,NA,NA,Leaf light transmittance,535,NA,NA,NA,NA,
leaf_transpiration,leaf,physiology,NA,NA,NA,Leaf transpiration rate per leaf area,111,NA,NA,NA,NA,
leaf_transpiration_at_Amax,leaf,physiology,NA,115,Rate of water loss from leaf during Amax measurement,Leaf photosynthetic A/Ci curve: transpiration rate per leaf area,3367,NA,NA,NA,NA,
leaf_transpiration_at_Asat,leaf,physiology,NA,116,Rate of water loss from leaf during Asat measurement,Leaf transpiration rate per leaf area,111,NA,NA,NA,NA,
leaf_turgor_loss_point,leaf,physiology,NA,117,Water potential at which a leaf loses turgor,Leaf water & osmotic potential: leaf osmotic potential at turgor loss,189,NA,NA,NA,NA,
leaf_type,leaf,morphology,NA,118,Broad definitions of leaf type,Leaf type,43,NA,NA,NA,NA,
leaf_water_content_per_area,leaf,allocation,NA,119,The ratio of the mass of water in a leaf relative to its surface area,NA,NA,NA,NA,NA,NA,
leaf_water_content_per_dry_mass,leaf,allocation,NA,NA,NA,Leaf water content per leaf dry mass (not saturated),14,NA,NA,NA,NA,
leaf_water_content_per_fresh_mass,leaf,allocation,NA,NA,NA,Leaf water content per leaf dry mass (at saturation),3122,"similar, not identical",NA,NA,NA,
leaf_water_content_per_saturated_mass,leaf,allocation,NA,NA,NA,Leaf water content per leaf dry mass (at saturation),3122,NA,NA,NA,NA,
leaf_width,leaf,morphology,NA,121,The longest width axis of a leaf; orthogonal to its length,Leaf width,145,NA,leaf width,TOP17,http://top-thesaurus.org/annotationInfo?viz=1&&trait=Leaf_width,
leaf_work_to_punch,leaf,morphology,mechanical,NA,NA,"Wood mechanical property: flexual stiffness, elasticity, rupture",1226,"similar, not identical",NA,NA,NA,
leaf_work_to_punch_adjusted,leaf,morphology,mechanical,NA,NA,"Wood mechanical property: flexual stiffness, elasticity, rupture",1226,"similar, not identical",NA,NA,NA,
leaf_work_to_shear,leaf,morphology,mechanical,NA,NA,"Wood mechanical property: flexual stiffness, elasticity, rupture",1226,"similar, not identical",NA,NA,NA,
leaf_work_to_shear_adjusted,leaf,morphology,mechanical,NA,NA,"Wood mechanical property: flexual stiffness, elasticity, rupture",1226,"similar, not identical",NA,NA,NA,
leaf_work_to_tear,leaf,morphology,mechanical,NA,NA,"Wood mechanical property: flexual stiffness, elasticity, rupture",1226,"similar, not identical",NA,NA,NA,
leaf_work_to_tear_adjusted,leaf,morphology,mechanical,NA,NA,"Wood mechanical property: flexual stiffness, elasticity, rupture",1226,"similar, not identical",NA,NA,NA,
leaf_xylem_delta15N,leaf,physiology,isotope,NA,NA,NA,NA,NA,NA,NA,NA,
leaf_Zn_per_dry_mass,leaf,nutrient,NA,122,Leaf zinc (Zn) content per unit leaf dry mass,Leaf zinc (Zn) content per leaf dry mass,268,NA,leaf zinc content per leaf dry mass,TOP467,http://top-thesaurus.org/annotationInfo?viz=1&&trait=Leaf_zinc_content_per_leaf_dry_mass,
life_form,whole plant,life history,NA,123,Raunkiaer classification; Categorical classification of plants according to shoot-apex or bud protection,Plant life form (Raunkiaer life form),343,NA,NA,NA,NA,
life_history,whole plant,life history,NA,124,Categorical description of plant's life history,Plant lifespan (longevity),59,NA,NA,NA,NA,
lifespan,whole plant,life history,NA,125,"Broad categories of plant life span, in years",Plant lifespan (longevity),12,NA,whole plant life span,TOP255,http://top-thesaurus.org/annotationInfo?viz=1&trait=Plant%20life%20span,
lower_cuticle_thickness,leaf,morphology,cellular_scale,NA,NA,Leaf cuticula thickness,716,NA,NA,NA,NA,
lower_hypodermis_thickness,leaf,morphology,cellular_scale,NA,NA,Leaf hypodermis thickness,806,NA,NA,NA,NA,
lower_palisade_cell_thickness,leaf,morphology,cellular_scale,NA,NA,NA,NA,NA,NA,NA,NA,
modified_NDVI,whole plant,physiology,NA,126,"modified normalized difference vegetation index (modified NDVI), based on Landsat data",NA,NA,NA,NA,NA,NA,
modulus_of_elasticity_bark,bark,physiology,NA,NA,NA,NA,NA,NA,NA,NA,NA,
modulus_of_elasticity_stem,stem,physiology,NA,NA,NA,"Wood mechanical property: flexual stiffness, elasticity, rupture",1226,"similar, not identical",NA,NA,NA,
modulus_of_elasticity_xylem,stem,physiology,NA,NA,NA,"Wood mechanical property: flexual stiffness, elasticity, rupture",1226,"similar, not identical",NA,NA,NA,
modulus_of_rupture,stem,physiology,NA,128,A measure of the force required to rupture xylem vessel,"Wood mechanical property: flexual stiffness, elasticity, rupture",1226,"similar, not identical",NA,NA,NA,
N_to_P_ratio,leaf,nutrient,NA,130,Ratio of N to P dry mass,Leaf nitrogen/phosphorus (N/P) ratio,56,NA,NA,NA,NA,
nitrogen_fixing,whole plant,physiology,NA,129,Binary variable describing whether or not a plant hosts a nitrogen-fixing bacteria,Plant nitrogen(N) fixation capacity,8,NA,NA,NA,NA,
osmotic_potential,leaf,physiology,NA,131,Potential for water to move across a semi-permeable membrane based on solute concentration,Leaf water & osmotic potential: leaf water potential,983,NA,NA,NA,NA,
osmotic_potential_at_full_turgor,stem,physiology,NA,NA,NA,Leaf water & osmotic potential: leaf osmotic potential at full turgor,188,NA,NA,NA,NA,
palisade_cell_length,leaf,morphology,cellular_scale,132,Length of individual palisade cells,NA,NA,NA,NA,NA,NA,
palisade_cell_width,leaf,morphology,cellular_scale,133,Width of individual palisade cells,NA,NA,NA,NA,NA,NA,
palisade_layer_number,leaf,morphology,cellular_scale,134,Number of layers of palisade cells,NA,NA,NA,NA,NA,NA,
parasitic,whole plant,life history,NA,NA,NA,NA,NA,NA,NA,NA,NA,
pendulous_leaves,leaf,morphology,NA,NA,NA,"Leaf angle (inclination, orientation)",3,"similar, not identical",NA,NA,NA,
photosynthetic_bark,bark,physiology,NA,NA,NA,NA,NA,NA,NA,NA,NA,
photosynthetic_pathway,whole plant,physiology,NA,135,Type of photosynthetic pathway displayed by plants,Leaf photosynthesis pathway,22,NA,NA,NA,NA,
photosynthetic_rate_per_area_ambient,leaf,physiology,NA,NA,NA,Leaf photosynthesis rate per leaf area,53,NA,NA,NA,NA,
photosynthetic_rate_per_area_maximum,leaf,physiology,NA,137,"Rate at which a plant consumes carbon dioxide through photosynthesis at saturating light conditions but ambient CO2 conditions, normalised to leaf area",Leaf photosynthesis rate per leaf area,53,NA,NA,NA,NA,
photosynthetic_rate_per_area_saturated,leaf,physiology,NA,138,"Rate at which a plant consumes carbon dioxide through photosynthesis at saturating light and CO2 conditions, normalised to leaf area",Leaf photosynthesis rate per leaf area,53,NA,NA,NA,NA,
photosynthetic_rate_per_dry_mass_maximum,leaf,physiology,NA,140,"Maximum rate at which a plant consumes carbon dioxide through photosynthesis at saturating light conditions but ambient CO2 conditions, normalised to leaf dry mass",Leaf photosynthesis rate per leaf dry mass,40,NA,NA,NA,NA,
photosynthetic_rate_per_dry_mass_saturated,leaf,physiology,NA,141,"Maximum rate at which a plant consumes carbon dioxide through photosynthesis at saturating light and CO2 conditions, normalised to leaf dry mass",Leaf photosynthesis rate per leaf dry mass,40,NA,NA,NA,NA,
physical_defence,leaf,morphology,NA,NA,NA,"Shoot emergences (pubescence, hairs, spines, thorns)",1255 & 1256 & 677),"similar, not identical",NA,NA,NA,
plant_growth_form,whole plant,life history,NA,142,"Different growth forms displayed by plants, including both standard plant growth form descriptors (tree, shrub, etc.) and specific plant characteristics (i.e. patristic)",Plant growth form,42,NA,whole plant growth form,TOP136,http://top-thesaurus.org/annotationInfo?viz=1&trait=Plant%20growth%20form,
plant_height,stem,morphology,NA,143,Vegetative plant height,Plant height vegetative,3106,NA,whole plant height vegetative,TOP69,http://top-thesaurus.org/annotationInfo?viz=1&&trait=Plant_height_vegetative,
plant_type_by_resource_use,whole plant,life history,NA,NA,NA,Species tolerance to salt; Species tolerance to drought,1254; 595,other traits as well,NA,NA,NA,
plant_width,whole plant,allocation,NA,144,The width of the plant canopy,Crown (canopy) width,325,NA,NA,NA,NA,
ploidy,reproductive,life history,molecular,NA,NA,Species genotype: chromosome ploidy,222,NA,NA,NA,NA,
pollination_syndrome,reproductive,life history,NA,NA,NA,Pollination syndrome,29,NA,NA,NA,NA,
pollination_system,reproductive,life history,NA,NA,NA,Pollination syndrome,29,"similar, not identical",NA,NA,NA,
regen_strategy,reproductive,life history,fire_response,146,Different regeneration strategies displayed by plants. Trait values include both generic terms (i.e. vegetative) and quite specific ones (i.e. wood rootstock),Plant vegetative reproduction: clonal growth organ; Plant vegetative regeneration capacity,356; 344,NA,NA,NA,NA,
reproductive_light_environment_index,whole plant,life history,NA,NA,NA,NA,NA,NA,NA,NA,NA,
reproductive_maturity,whole plant,life history,NA,NA,NA,"Age of plants at reproductive maturity, by category. For several big compilations with fire response data, this is neitherthe time to first flowering, nor to first seed set, but instead reproductive maturity refers to a seed load or a group of suckers sufficient to replace the adult population.",NA,NA,NA,NA,NA,
resorption_leaf_N,leaf,nutrient,NA,147,Nitrogen resorption from leaves,NA,NA,NA,NA,NA,NA,
resorption_leaf_P,leaf,nutrient,NA,148,Phosphorus resorption from leaves,NA,NA,NA,NA,NA,NA,
resprouting_proportion_individuals,whole plant,life history,fire_response,NA,NA,Plant resprouting capacity,819,NA,NA,NA,NA,
resprouting_strength,whole plant,life history,fire_response,NA,NA,Plant resprouting capacity,819,NA,NA,NA,NA,
root_C_per_dry_mass,root,nutrient,NA,NA,NA,Root carbon (C) content per root dry mass,84,NA,NA,NA,NA,
root_delta13C,root,physiology,isotope,NA,NA,Root carbon (C) isotope signature (delta 13C),90,NA,NA,NA,NA,
root_delta15N,root,physiology,isotope,NA,NA,Root nitrogen (N) isotope signature (delta 15N),81,NA,NA,NA,NA,
root_distribution_coefficient,root,allocation,NA,NA,NA,Root evenness of dry mass vertical distribution,3033,NA,NA,NA,NA,
root_dry_matter_content,root,allocation,NA,150,Root dry mass per unit root fresh mass,Root dry mass per root fresh mass (root dry matter content; RDMC),785,NA,NA,NA,NA,
root_fine_root_coarse_root_ratio,root,allocation,NA,NA,NA,Fine root dry mass fraction that is taproot (taproot dry mass per fine root dry mass),2011,inverse,NA,NA,NA,
root_mass_fraction,whole plant,allocation,NA,151,Fraction of plant dry mass comprised of root material,Plant biomass and allometry: Root mass fraction (fraction of root dry mass per whole plant dry mass),470,NA,NA,NA,NA,
root_morphology,root,morphology,NA,152,"Categorical root descriptions sensu Cannon 1949, A Tentative Classification of Root Systems, Ecology, doi.org/10.2307/1932458",NA,NA,NA,NA,NA,NA,
root_N_per_dry_mass,root,nutrient,NA,NA,NA,Root nitrogen (N) content per root dry mass,80,NA,NA,NA,NA,
root_shoot_ratio,whole plant,allocation,NA,153,Ratio of root mass to shoot mass,Root/shoot ratio,9,NA,NA,NA,NA,
root_soluable_starch_per_mass,root,nutrient,NA,NA,NA,Root starch content per dry mass,3147,NA,NA,NA,NA,
root_soluable_sugars_per_mass,root,nutrient,NA,NA,NA,Root sugar content per root dry mass,662,NA,NA,NA,NA,
root_structure,root,morphology,NA,154,Specific specialized types of root structures and root symbioses,Mycorrhiza type,7,NA,NA,NA,NA,
root_wood_density,root,morphology,NA,155,"For root wood, the ratio of mass to volume, yielding density",Root tissue density (root dry mass per root volume),82,NA,NA,NA,NA,
root_xylem_delta15N,root,physiology,isotope,NA,NA,NA,NA,NA,NA,NA,NA,
salt_tolerance,whole plant,physiology,NA,NA,NA,Species tolerance to salt,1254,NA,NA,NA,NA,
sapwood_specific_conductivity,stem,physiology,NA,156,"Describes the flow rate of water (kg/s) along a stem for a given drop in pressure (1/MPa), extremenormalised to the length of the segment (1/m)",Wood (sapwood) specific conductivity (stem specific conductivity),NA,NA,NA,NA,NA,
sapwood_specific_conductivity_theoretical,stem,physiology,NA,NA,NA,Wood (sapwood) specific conductivity (stem specific conductivity),1096,"similar, not exact",NA,NA,NA,
seed_breadth,reproductive,morphology,NA,157,The shorter width axis of a seed; orthogonal to its length,NA,NA,NA,NA,NA,NA,
seed_Ca_concentration,reproductive,nutrient,NA,NA,NA,NA,NA,NA,NA,NA,NA,
seed_K_concentration,reproductive,nutrient,NA,NA,NA,NA,NA,NA,NA,NA,NA,
seed_length,reproductive,morphology,NA,159,Longest seed dimension,Seed length,27,NA,seed length,TOP91,http://top-thesaurus.org/annotationInfo?viz=1&&trait=Seed_length,
seed_longevity,reproductive,life history,NA,NA,NA,Seed longevity,NA,NA,NA,NA,NA,
seed_mass,reproductive,morphology,NA,160,Seed carbon dry mass,Seed dry mass,26,NA,seed mass,TOP103,http://top-thesaurus.org/annotationInfo?viz=1&&trait=Seed_mass,
seed_mass_reserve,reproductive,morphology,NA,161,Energy reserves stored in seeds that are mobilized at the time of germination; on a carbon dry mass basis,NA,NA,NA,NA,NA,NA,
seed_Mg_concentration,reproductive,nutrient,NA,NA,NA,NA,NA,NA,NA,NA,NA,
seed_N_concentration,reproductive,nutrient,NA,NA,NA,Seed nitrogen (N) content per dry mass (or diaspore),2945,NA,NA,NA,NA,
seed_oil_content,reproductive,nutrient,NA,162,"Seed oil content as a fraction of total seed weight, usually on a dry weight basis",Seed oil content per seed mass,96,NA,NA,NA,NA,
seed_P_concentration,reproductive,nutrient,NA,163,Seed phosphorus concentration on a weight basis,Seed phosphorus (P) content per dry mass (or diaspore),3000,NA,seed phosphorus content per seed dry mass,TOP578,http://top-thesaurus.org/annotationInfo?viz=1&&trait=Seed_phosphorus_content_per_seed_dry_mass,
seed_protein_content,reproductive,nutrient,NA,164,Seed protein content as a fraction of total seed weight,Seed protein content per seed mass,97,NA,NA,NA,NA,
seed_release,reproductive,life history,fire_response,NA,NA,"When a fruit or cone only releases its seeds following an environmental trigger, often fire; ; see also 'seed_longevity', 'seed_storage_location', 'soil_seedbank', 'canopy_seedbank', and 'serotiny'",NA,NA,NA,NA,NA,
seed_S_concentration,reproductive,nutrient,NA,NA,NA,NA,NA,NA,NA,NA,NA,
seed_shape,reproductive,morphology,NA,165,"Possible seed shapes. Note that some terms currently used refer to 2-dimensional shapes, not 3-dimensional shapes.",Seed shape,349,NA,NA,NA,NA,
seed_storage_location,reproductive,life history,fire_response,166,Location where seeds are stored at maturity,Seedbank type,159,NA,NA,NA,NA,
seed_texture,reproductive,morphology,NA,167,The texture of a seed,NA,NA,NA,NA,NA,NA,
seed_viability,reproductive,life history,NA,168,Proportion of seeds that are viable,Seed viability,1109,NA,NA,NA,NA,
seed_volume,reproductive,morphology,NA,169,Volume of a seed,Seed volume,3042,NA,NA,NA,NA,
seed_width,reproductive,morphology,NA,170,The longest width dimension of a seed; orthogonal to the length,Seed width,239,NA,seed width,TOP95,http://top-thesaurus.org/annotationInfo?viz=1&&trait=Seed_width,
seedling_first_leaf,leaf,morphology,NA,NA,NA,NA,NA,NA,NA,NA,NA,
seedling_first_node,leaf,morphology,NA,NA,NA,NA,NA,NA,NA,NA,NA,
seedling_germination_location,reproductive,life history,NA,NA,NA,NA,NA,NA,NA,NA,NA,
senesced_leaf_Al_per_dry_mass,leaf,nutrient,NA,NA,NA,Litter aluminium (Al ) content per litter dry mass,987,NA,NA,NA,NA,
senesced_leaf_B_per_dry_mass,leaf,nutrient,NA,NA,NA,NA,NA,NA,NA,NA,NA,
senesced_leaf_C_per_dry_mass,leaf,nutrient,NA,NA,NA,Litter carbon (C) content per litter dry mass,72,NA,NA,NA,NA,
senesced_leaf_Ca_per_dry_mass,leaf,nutrient,NA,171,Senesced leaf calcium (Ca) content per unit leaf dry mass,Litter (leaf) calcium (Ca) content per leaf litter dry mass,943,NA,NA,NA,NA,
senesced_leaf_Cu_per_dry_mass,leaf,nutrient,NA,172,Senesced leaf copper (Cu) content per unit leaf dry mass,Litter (leaf) copper (Cu) content per leaf litter dry mass,947,NA,NA,NA,NA,
senesced_leaf_Fe_per_dry_mass,leaf,nutrient,NA,173,Senesced leaf iron (Fe) content per unit leaf dry mass,Litter (leaf) iron (Fe) content per leaf litter dry mass,950,NA,NA,NA,NA,
senesced_leaf_K_per_dry_mass,leaf,nutrient,NA,174,Senesced leaf potassium (K) content per unit leaf dry mass,Litter (leaf) potassium (K) content per leaf litter dry mass,958,NA,NA,NA,NA,
senesced_leaf_Mg_per_dry_mass,leaf,nutrient,NA,175,Senesced leaf magnesium (Mg) content per unit leaf dry mass,Litter (leaf) magnesium (Mg) content per leaf litter dry mass,952,NA,NA,NA,NA,
senesced_leaf_Mn_per_dry_mass,leaf,nutrient,NA,176,Senesced leaf manganese (Mn) content per unit leaf dry mass,Litter (leaf) manganese (Mn) content per leaf litter dry mass,953,NA,NA,NA,NA,
senesced_leaf_Mo_per_dry_mass,leaf,nutrient,NA,177,Senesced leaf molybdenum (Mo) content per unit leaf dry mass,Litter molybdenium (Mo) content per litter dry mass,999,NA,NA,NA,NA,
senesced_leaf_N_per_dry_mass,leaf,nutrient,NA,178,Senesced leaf nitrogen (N) content per unit leaf dry mass,Litter (leaf) nitrogen (N) content per leaf litter dry mass,954,NA,NA,NA,NA,
senesced_leaf_Na_per_dry_mass,leaf,nutrient,NA,NA,NA,Litter sodium (Na) content per litter dry mass,1004,NA,NA,NA,NA,
senesced_leaf_P_per_dry_mass,leaf,nutrient,NA,181,Senesced leaf phosphorus (P) content per unit leaf dry mass,Litter (leaf) phosphorus (P) content per leaf litter dry mass,957,NA,NA,NA,NA,
senesced_leaf_S_per_dry_mass,leaf,nutrient,NA,182,Senesced leaf sulphur (S) content per unit leaf dry mass,Litter (leaf) sulfur (S) content per leaf litter dry mass,961,NA,NA,NA,NA,
senesced_leaf_Zn_per_dry_mass,leaf,nutrient,NA,183,Senesced leaf zinc (Zn) content per unit leaf dry mass,Litter (leaf) zinc (Zn) content per leaf litter dry mass,962,NA,NA,NA,NA,
serotiny,reproductive,life history,fire_response,184,"When a fruit or cone only releases its seeds following an environmental trigger, often fire",Seedbank type,159,"similar, not identical",NA,NA,NA,
sex_type,reproductive,life history,NA,NA,NA,"Flower sexual syndrome (dichogamy, cleistogamy, dioecious, monoecious)",915,NA,NA,NA,NA,
snow_tolerance,whole plant,life history,NA,NA,NA,Description of a taxon's tolerance to snow cover,NA,NA,NA,NA,NA,
soil_salinity_tolerance,whole plant,physiology,NA,185,"Maximum salinity tolerated by a species, reported as the conductivitiy of the soil",Species tolerance to salt,1254,NA,NA,NA,NA,
soil_seedbank,reproductive,life history,fire_response,NA,NA,Seedbank type,159,"similar, not identical",NA,NA,NA,
soluable_protein_per_area,leaf,nutrient,NA,186,Mass of soluble protein per leaf area,Leaf protein content per leaf dry mass,503,NA,NA,NA,NA,
soluable_starch_per_area,leaf,nutrient,NA,NA,NA,Leaf starch content per leaf dry mass,505,NA,NA,NA,NA,
soluable_sugars_per_area,leaf,nutrient,NA,188,Mass of soluble sugars per leaf area,Leaf sugar content per leaf dry mass,506,NA,NA,NA,NA,
specific_leaf_area,leaf,allocation,NA,189,Leaf area per unit leaf dry mass; SLA,"Leaf area per leaf dry mass (specific leaf area, SLA or 1/LMA): undefined if petiole is in- or exclu",3117,NA,leaf area per leaf dry mass,TOP50,http://top-thesaurus.org/annotationInfo?viz=1&&trait=Specific_leaf_area,
specific_root_area,root,allocation,NA,190,Root area per unit root dry mass,Root surface area per root dry mass (specific root area),1089,NA,NA,NA,NA,
specific_root_length,root,allocation,NA,191,Root length per unit root dry mass; SRL,"Root length per root dry mass (specific root length, SRL)",1080,NA,root length per root dry mass,TOP935,http://top-thesaurus.org/annotationInfo?viz=1&&trait=Specific_root_length_trait,
specific_taproot_length,root,allocation,NA,NA,NA,"Coarse root length per coarse root dry mass (specific coarse root length, SRL)",1550,"similar, not identical",NA,NA,NA,
spinescence,whole plant,morphology,NA,NA,NA,"Leaf emergences (pubescence, pruinescence, hairs, spines, thorns)",677,NA,NA,NA,NA,
spongy_mesophyll_thickness,leaf,morphology,cellular_scale,NA,NA,Leaf mesophyll spongiophyll thickness,805,NA,NA,NA,NA,
sprout_depth,root,life history,fire_response,4,Depth of resprouting shoots,Budbank height distribution,153,"similar, not identical",NA,NA,NA,
starch_per_area,leaf,nutrient,NA,192,Mass of starch(typo in Austraits) per leaf area,Leaf starch content per leaf dry mass,505,NA,NA,NA,NA,duplicate trait - needs to be removed
stem_C_per_dry_mass,stem,nutrient,NA,193,Stem carbon (C) content per unit stem dry mass,Stem carbon (C) content per stem dry mass,407,NA,stem carbon content per stem dry mass,TOP491,http://top-thesaurus.org/annotationInfo?viz=1&&trait=Stem_carbon_content_per_stem_dry_mass,
stem_count_categorical,stem,allocation,NA,194,"Number of stems present, expressed in groups, where categories were 1=1; 2-3=2; 4-10=3; 11-30=4; and >30=5. Used by Peter Vesk.",Plant biomass and allometry: Shoots per plant,1034,"similar, not identical",NA,NA,NA,
stem_density,stem,morphology,NA,NA,NA,"Stem dry mass per unit stem fresh volume, specifically for non-woody or partially woody stems that otherwise are outliers for wood density",NA,NA,NA,NA,NA,
stem_dry_matter_content,stem,allocation,NA,197,Stem dry mass per unit stem fresh mass,"Stem dry mass per stem fresh mass (stem dry matter content, StDMC)",1181,NA,NA,NA,NA,
stem_hydraulic_conductivity,stem,physiology,NA,NA,NA,Branch hydraulic conductance,3392,NA,NA,NA,NA,
stem_mass_fraction,whole plant,allocation,NA,NA,NA,Plant biomass and allometry: Stem dry mass per plant dry mass per plant,136,NA,NA,NA,NA,
stem_N_per_dry_mass,stem,nutrient,NA,198,Stem carbon (N) content per unit stem dry mass,Stem nitrogen (N) content per stem dry mass,406,NA,stem nitrogen content per stem dry mass,TOP501,http://top-thesaurus.org/annotationInfo?viz=1&&trait=Stem_nitrogen_content_per_stem_dry_mass,
stem_respiration_per_dry_mass,stem,physiology,NA,NA,NA,Stem respiration rate per stem dry mass,519,NA,NA,NA,NA,
stem_soluable_starch_per_mass,stem,nutrient,NA,NA,NA,NA,NA,NA,NA,NA,NA,
stem_soluable_sugars_per_mass,stem,nutrient,NA,NA,NA,NA,NA,NA,NA,NA,NA,
stem_water_content_per_saturated_mass,stem,allocation,NA,NA,NA,Wood (sapwood) water content,1097,"similar, not identical",NA,NA,NA,
stem_water_delta18O,stem,physiology,isotope,NA,NA,NA,NA,NA,NA,NA,NA,
stomatal_conductance_per_area_ambient,leaf,physiology,NA,NA,NA,Stomata conductance per leaf area,45,NA,NA,NA,NA,
stomatal_conductance_per_area_at_Amax,leaf,physiology,NA,201,"Rate of water loss through stomata, per unit leaf area under saturated light conditions",Stomata conductance per leaf area,45,NA,NA,NA,NA,
stomatal_conductance_per_area_at_Asat,leaf,physiology,NA,202,"Rate of water loss through stomata, per unit leaf area under saturated light and CO2 conditions",Stomata conductance per leaf area,45,NA,NA,NA,NA,
stomatal_density_abaxial,leaf,morphology,cellular_scale,NA,NA,Stomata distribution to ab- and adaxial leaf surfaces,781,NA,NA,NA,NA,
stomatal_density_adaxial,leaf,morphology,cellular_scale,NA,NA,Stomata distribution to ab- and adaxial leaf surfaces,781,NA,NA,NA,NA,
stomatal_density_average,leaf,morphology,cellular_scale,NA,NA,Stomata density,63,NA,NA,NA,NA,
stomatal_distribution,leaf,morphology,cellular_scale,NA,NA,Stomata distribution to ab- and adaxial leaf surfaces,781,NA,NA,NA,NA,
stomatal_resistance_conductance_ambient,leaf,physiology,NA,NA,NA,Leaf water storage transfer resistance,714,"similar, not sure if identical",NA,NA,NA,
support_fraction,whole plant,allocation,NA,NA,NA,"Plant biomass and allometry: Supportive structure (stem, twig, leaf petiole, leaf sheeth) dry mass p",3059,NA,NA,NA,NA,
tap_root,root,morphology,NA,205,Binary variable describing whether or not a plant has a tap root present,NA,NA,NA,NA,NA,NA,
thickest_root_diameter,root,allocation,NA,206,Diameter of the thickest root,Root diameter,83,NA,NA,NA,NA,
time_from_fire_to_fruit,reproductive,life history,fire_response,NA,NA,NA,NA,NA,NA,NA,NA,
transverse_branch_area_specific_conductivity,stem,physiology,NA,NA,NA,"Describes the flow rate of water (kg/s) along a stem for a given drop in pressure (1/MPa), normalised to the length of the segment (1/m). Calculated as hydraulic conductivity divided by the transverse branch area where the measurement is taken.",NA,NA,NA,NA,NA,
twig_area,stem,allocation,NA,NA,NA,NA,NA,NA,NA,NA,NA,
twig_length,stem,allocation,NA,NA,NA,Twig length,1202,NA,NA,NA,NA,
upper_cuticle_thickness,leaf,morphology,cellular_scale,NA,NA,NA,NA,NA,NA,NA,NA,
upper_hypodermis_thickness,leaf,morphology,cellular_scale,NA,NA,Leaf hypodermis thickness,806,NA,NA,NA,NA,
upper_palisade_cell_thickness,leaf,morphology,cellular_scale,NA,NA,NA,NA,NA,NA,NA,NA,
Vcmax_per_area,leaf,physiology,NA,NA,NA,Leaf photosynthesis carboxylation capacity (Vcmax) per leaf area (Farquhar model),186,NA,NA,NA,NA,
vegetative_regeneration,whole plant,life history,fire_response,NA,NA,Plant vegetative regeneration capacity,344,NA,NA,NA,NA,
vein_angle_secondary,leaf,morphology,NA,NA,NA,NA,NA,NA,NA,NA,NA,
vein_density,leaf,morphology,NA,NA,NA,Leaf vein density,740,NA,NA,NA,NA,
vessel_density,stem,morphology,cellular_scale,NA,NA,Wood vessel density; Branch vessel density,1237; 3390,NA,NA,NA,NA,
vessel_density_leaves,leaf,morphology,cellular_scale,NA,NA,NA,NA,NA,NA,NA,NA,
vessel_diameter,stem,morphology,cellular_scale,NA,NA,Wood vessel diameter; Branch vessel diameter,1238; 3391,NA,NA,NA,NA,
vessel_diameter_hydraulic,stem,morphology,cellular_scale,NA,NA,NA,NA,NA,NA,NA,NA,
vessel_diameter_leaves,leaf,morphology,cellular_scale,NA,NA,Leaf vessel diameter,367,NA,NA,NA,NA,
vessel_lumen_fraction,stem,morphology,cellular_scale,NA,NA,Stem conduit lumen cross-sectional area (vessels and tracheids) per stem sapwood cross-sectional are,172,NA,NA,NA,NA,
vessel_multiple_fraction,stem,physiology,cellular_scale,NA,NA,Wood vessel grouping,276,NA,NA,NA,NA,
vessel_non_lumen_fraction,stem,morphology,cellular_scale,NA,NA,Wood (sapwood) cross-sectional fraction of Vessel (conduit) area,3018,NA,NA,NA,NA,
vessel_wall_fraction,stem,morphology,cellular_scale,NA,NA,NA,NA,NA,NA,NA,NA,
vine_climbing_mechanism,whole plant,morphology,NA,NA,NA,NA,NA,NA,NA,NA,NA,
water_band_index,leaf,physiology,NA,NA,"Water band index, the ratio of the reflectance at 970 nm / 900 nm, recorded from the spectro-radiometer.",NA,NA,NA,NA,NA,NA,
water_logging_tolerance,whole plant,life history,NA,NA,NA,Ability of taxon to tolerate water-logged soils,NA,NA,NA,NA,NA,
water_potential_50percent_lost_conductivity,stem,physiology,NA,NA,NA,"Xylem hydraulic vulnerability, xylem cavitation vulnerability, embolism vulnerability, (P20, P50, P8",719,NA,NA,NA,NA,
water_potential_88percent_lost_conductivity,stem,physiology,NA,NA,NA,"Xylem hydraulic vulnerability, xylem cavitation vulnerability, embolism vulnerability, (P20, P50, P8",719,NA,NA,NA,NA,
water_potential_midday,leaf,physiology,NA,209,A plant's water potential during the heat of the day,Leaf water & osmotic potential: leaf water potential,983,less precise,NA,NA,NA,
water_potential_predawn,leaf,physiology,NA,210,A plant's water potential just before sunrise,Leaf water & osmotic potential: leaf water potential,983,less precise,NA,NA,NA,
water_use_efficiency_integrated,leaf,physiology,NA,NA,NA,NA,NA,NA,NA,NA,NA,
water_use_efficiency_intrinsic,leaf,physiology,NA,NA,NA,Leaf photosynthesis rate per stomatal conductance,3128,NA,NA,NA,NA,
water_use_efficiency_photosynthetic,leaf,physiology,NA,NA,NA,Leaf photosynthesis rate per leaf transpiration (photosynthetic water use effinciency: WUE),134,NA,NA,NA,NA,
whole_plant_transpiration,whole plant,physiology,NA,NA,NA,Crown (canopy) transpiration,749,NA,NA,NA,NA,
wood_axial_parenchyma_fraction,stem,morphology,cellular_scale,NA,NA,Wood (sapwood) cross-sectional fraction of axial parenchyma area,3021,NA,NA,NA,NA,
wood_C_per_dry_mass,stem,nutrient,NA,NA,NA,Stem carbon (C) content per stem dry mass,407,NA,NA,NA,NA,
wood_Ca_per_dry_mass,stem,nutrient,NA,NA,NA,Stem calcium (Ca) content per stem dry mass,623,NA,NA,NA,NA,
wood_conduit_fraction,stem,morphology,cellular_scale,NA,NA,Wood (sapwood) cross-sectional fraction of Vessel (conduit) area,3018,NA,NA,NA,NA,
wood_delta13C,stem,physiology,isotope,NA,NA,Wood carbon (C) isotope signature (delta 13C),1213,NA,NA,NA,NA,
wood_delta15N,stem,physiology,isotope,NA,NA,Wood nitrogen (N) isotope signature (delta 15N),1230,NA,NA,NA,NA,
wood_density,stem,morphology,NA,213,Stem dry mass per unit stem fresh volume (stem specific density or SSD or wood density),Stem specific density (SSD) or wood density (stem dry mass per stem fresh volume),4,NA,stem wood density,TOP284,http://top-thesaurus.org/annotationInfo?viz=1&&trait=Wood_density,
wood_fibre_fraction,stem,morphology,cellular_scale,NA,NA,Wood (sapwood) cross-sectional fraction of fibre area,3019,NA,NA,NA,NA,
wood_K_per_dry_mass,stem,nutrient,NA,NA,NA,Stem potassium (K) content per stem dry mass,628,NA,NA,NA,NA,
wood_Mg_per_dry_mass,stem,nutrient,NA,NA,NA,Stem magnesium (Mg) content per stem dry mass,624,NA,NA,NA,NA,
wood_N_per_dry_mass,stem,nutrient,NA,NA,NA,Wood nitrogen (N) content per wood dry mass,1229,NA,NA,NA,NA,
wood_Na_per_dry_mass,stem,nutrient,NA,NA,NA,Stem phosphorus (P) content per stem dry mass,616,NA,NA,NA,NA,
wood_P_per_dry_mass,stem,nutrient,NA,NA,NA,Stem phosphorus (P) content per stem dry mass,616,NA,NA,NA,NA,
wood_ray_fraction,stem,morphology,cellular_scale,NA,NA,Wood (sapwood) cross-sectional fraction of wod ray area,3020,NA,NA,NA,NA,
wood_tracheid_fraction,stem,morphology,cellular_scale,NA,NA,NA,NA,NA,NA,NA,NA,
woodiness,stem,morphology,NA,214,A plant's degree of lignification in stems,Plant woodiness,38,NA,whole plant woodiness,TOP706,http://top-thesaurus.org/annotationInfo?viz=1&&trait=Woodiness,